{
    "0": [
        {
            "angle": -1.8203906156122684,
            "wh": 120,
            "x1": 268,
            "y1": 117
        },
        {
            "p1": [
                270,
                114
            ],
            "p2": [
                265,
                254
            ],
            "p3": [
                405,
                259
            ],
            "p4": [
                410,
                119
            ]
        }
    ],
    "1": [
        {
            "angle": 5.304335542023182,
            "wh": 104,
            "x1": 162,
            "y1": 63
        },
        {
            "p1": [
                156,
                68
            ],
            "p2": [
                167,
                192
            ],
            "p3": [
                291,
                181
            ],
            "p4": [
                280,
                57
            ]
        }
    ]
}