{
    "0": [
        {
            "angle": 3.178384155035019,
            "wh": 223,
            "x1": 689,
            "y1": 176
        },
        {
            "p1": [
                682,
                182
            ],
            "p2": [
                695,
                425
            ],
            "p3": [
                938,
                412
            ],
            "p4": [
                925,
                169
            ]
        }
    ],
    "1": [
        {
            "angle": -5.6947702914476395,
            "wh": 217,
            "x1": 144,
            "y1": 190
        },
        {
            "p1": [
                156,
                178
            ],
            "p2": [
                132,
                414
            ],
            "p3": [
                368,
                438
            ],
            "p4": [
                392,
                202
            ]
        }
    ]
}